A,B,X,arch,ETL,HTL,Predicted_PCE,egitim_kayit_sayisi
FA0.8_MA0.1_Cs0.1,Pb,I,pin,SnO2_np,Spiro_MeOTAD,17.777606817121573,11
FA0.8_MA0.1_Cs0.1,Pb,I,nip,SnO2_np,Spiro_MeOTAD,17.632447702293597,1207
FA0.8_MA0.1_Cs0.1,Pb,I0.83_Br0.17,pin,SnO2_np,Spiro_MeOTAD,17.624067405739012,11
FA0.8_MA0.1_Cs0.1,Pb,I0.83_Br0.17,nip,SnO2_np,Spiro_MeOTAD,17.53033520199649,1207
FA0.85_MA0.15,Pb,I,pin,SnO2_np,Spiro_MeOTAD,17.40665608577308,11
FA0.8_MA0.1_Cs0.1,Pb,I,nip,SnO2_np,PTAA,17.2978246730131,56
FA0.85_MA0.15,Pb,I,nip,SnO2_np,PTAA,17.289563153467327,56
FA0.85_MA0.15,Pb,I0.83_Br0.17,pin,SnO2_np,Spiro_MeOTAD,17.277670567822806,11
FA0.85_MA0.15,Pb,I,nip,SnO2_np,Spiro_MeOTAD,17.234286844265228,1207
FA0.8_MA0.1_Cs0.1,Pb,I0.83_Br0.17,nip,SnO2_np,PTAA,17.146416735420225,56
FA0.85_MA0.15,Pb,I0.83_Br0.17,nip,SnO2_np,PTAA,17.091878726241983,56
FA0.85_MA0.15,Pb,I0.83_Br0.17,nip,SnO2_np,Spiro_MeOTAD,17.08589785433565,1207
FA0.8_MA0.1_Cs0.1,Pb,I0.6_Br0.4,pin,SnO2_np,Spiro_MeOTAD,17.05962906576903,11
FA0.8_MA0.1_Cs0.1,Pb,I0.6_Br0.4,nip,SnO2_np,Spiro_MeOTAD,16.965896862026508,1207
FA0.83_Cs0.17,Pb,I0.83_Br0.17,pin,SnO2_np,Spiro_MeOTAD,16.839355173577946,11
FA0.83_Cs0.17,Pb,I0.83_Br0.17,nip,SnO2_np,Spiro_MeOTAD,16.805660333801242,1207
Cs0.2_FA0.8,Pb,I0.83_Br0.17,pin,SnO2_np,Spiro_MeOTAD,16.776907010252664,11
Cs0.2_FA0.8,Pb,I0.83_Br0.17,nip,SnO2_np,Spiro_MeOTAD,16.726653612998852,1207
FA0.85_MA0.15,Pb,I0.6_Br0.4,pin,SnO2_np,Spiro_MeOTAD,16.712411711870935,11
FA0.83_Cs0.17,Pb,I,nip,SnO2_np,Spiro_MeOTAD,16.66837710433102,1207
Cs0.2_FA0.8,Pb,I,nip,SnO2_np,Spiro_MeOTAD,16.664112683738033,1207
Cs0.2_FA0.8,Pb,I,pin,SnO2_np,Spiro_MeOTAD,16.644630375040936,11
FA0.8_MA0.1_Cs0.1,Pb,I,pin,TiO2_c___TiO2_mp,Spiro_MeOTAD,16.640422378837066,19
FA0.83_Cs0.17,Pb,I,pin,SnO2_np,Spiro_MeOTAD,16.63233623815681,11
FA0.85_MA0.15,Pb,I0.6_Br0.4,nip,SnO2_np,Spiro_MeOTAD,16.520638998383777,1207
FA0.8_MA0.1_Cs0.1,Pb,I,nip,TiO2_c___TiO2_mp,Spiro_MeOTAD,16.486894799277295,7491
FA0.83_Cs0.17,Pb,I0.83_Br0.17,nip,SnO2_np,PTAA,16.484880980106006,56
FA0.8_MA0.1_Cs0.1,Pb,I0.83_Br0.17,pin,TiO2_c___TiO2_mp,Spiro_MeOTAD,16.411658434625572,19
Cs0.2_FA0.8,Pb,I0.83_Br0.17,nip,SnO2_np,PTAA,16.397593347085717,56
FA0.83_Cs0.17,Pb,I,nip,SnO2_np,PTAA,16.373228342898006,56
Cs0.2_FA0.8,Pb,I,nip,SnO2_np,PTAA,16.360683010087122,56
FA0.85_MA0.15,Pb,I,pin,PCBM_60,PTAA,16.334857925364513,62
FA0.8_MA0.1_Cs0.1,Pb,I,nip,TiO2_c___TiO2_mp,PTAA,16.331310932496393,387
FA0.83_Cs0.17,Pb,I0.6_Br0.4,pin,SnO2_np,Spiro_MeOTAD,16.3116477621439,11
FA0.8_MA0.1_Cs0.1,Pb,I0.83_Br0.17,nip,TiO2_c___TiO2_mp,Spiro_MeOTAD,16.30955776615126,7491
FA0.85_MA0.15,Pb,I,pin,TiO2_c___TiO2_mp,Spiro_MeOTAD,16.28513586291465,19
FA0.8_MA0.1_Cs0.1,Pb,I,pin,PCBM_60,PTAA,16.27802687553442,62
FA0.83_Cs0.17,Pb,I0.6_Br0.4,nip,SnO2_np,Spiro_MeOTAD,16.277952922367195,1207
Cs0.2_FA0.8,Pb,I0.6_Br0.4,pin,SnO2_np,Spiro_MeOTAD,16.24919959881862,11
Cs0.2_FA0.8,Pb,I0.6_Br0.4,nip,SnO2_np,Spiro_MeOTAD,16.1989462015648,1207
FA0.8_MA0.1_Cs0.1,Pb,I,nip,PCBM_60,PTAA,16.19795933547167,15
FA0.85_MA0.15,Pb,I0.83_Br0.17,pin,PCBM_60,PTAA,16.19237225581823,62
FA0.8_MA0.1_Cs0.1,Pb,I0.83_Br0.17,nip,PCBM_60,PTAA,16.132853354313887,15
FA0.85_MA0.15,Pb,I,nip,TiO2_c___TiO2_mp,PTAA,16.12780806874229,387
FA0.8_MA0.1_Cs0.1,Pb,I0.83_Br0.17,pin,PCBM_60,PTAA,16.110987312555856,62
FA0.8_MA0.1_Cs0.1,Pb,I0.6_Br0.4,nip,SnO2_np,PTAA,16.10700020154292,56
FA0.8_MA0.1_Cs0.1,Pb,I0.83_Br0.17,nip,TiO2_c___TiO2_mp,PTAA,16.104678462074588,387
FA0.85_MA0.15,Pb,I,nip,PCBM_60,PTAA,16.090329633402348,15
FA0.85_MA0.15,Pb,I0.83_Br0.17,pin,TiO2_c___TiO2_mp,Spiro_MeOTAD,16.080925812135444,19
FA0.85_MA0.15,Pb,I0.6_Br0.4,nip,SnO2_np,PTAA,16.056783414451182,56
FA0.85_MA0.15,Pb,I,nip,TiO2_c___TiO2_mp,Spiro_MeOTAD,16.0011299753872,7491
FA0.85_MA0.15,Pb,I0.83_Br0.17,nip,PCBM_60,PTAA,15.97894716261209,15
MA0.9_Cs0.1,Pb,I,pin,SnO2_np,Spiro_MeOTAD,15.90557351505347,11
MA0.9_Cs0.1,Pb,I,nip,SnO2_np,Spiro_MeOTAD,15.859470587145577,1207
FA0.85_MA0.15,Pb,I0.83_Br0.17,nip,TiO2_c___TiO2_mp,PTAA,15.854899108688002,387
MA,Pb,I,nip,SnO2_np,PTAA,15.821774240361984,56
FA0.8_MA0.1_Cs0.1,Pb,I0.6_Br0.4,pin,TiO2_c___TiO2_mp,Spiro_MeOTAD,15.810318860561663,19
MA0.9_Cs0.1,Pb,I,nip,SnO2_np,PTAA,15.801127870059933,56
FA0.85_MA0.15,Pb,I0.83_Br0.17,nip,TiO2_c___TiO2_mp,Spiro_MeOTAD,15.777516452628692,7491
FA0.8_MA0.1_Cs0.1,Pb0.5_Sn0.5,I,pin,SnO2_np,Spiro_MeOTAD,15.766062906375824,11
MA0.9_Cs0.1,Pb,I0.83_Br0.17,pin,SnO2_np,Spiro_MeOTAD,15.726031068846826,11
MA,Pb,I,pin,SnO2_np,Spiro_MeOTAD,15.71965749795998,11
FA0.8_MA0.1_Cs0.1,Pb,I0.6_Br0.4,nip,TiO2_c___TiO2_mp,Spiro_MeOTAD,15.708218192087354,7491
FA0.8_MA0.1_Cs0.1,Pb0.5_Sn0.5,I0.83_Br0.17,pin,SnO2_np,Spiro_MeOTAD,15.641955769981315,11
MA,Pb,I,nip,SnO2_np,Spiro_MeOTAD,15.63722083462703,1207
MA,Pb,I0.83_Br0.17,pin,SnO2_np,Spiro_MeOTAD,15.613550128367653,11
FA0.8_MA0.1_Cs0.1,Pb0.5_Sn0.5,I,nip,SnO2_np,Spiro_MeOTAD,15.608964695512316,1207
FA0.83_Cs0.17,Pb,I0.83_Br0.17,pin,PCBM_60,PTAA,15.604899968301504,62
Cs0.2_FA0.8,Pb,I0.83_Br0.17,pin,PCBM_60,PTAA,15.582373472336762,62
FA0.8_MA0.1_Cs0.1,Pb0.5_Sn0.5,I0.83_Br0.17,nip,SnO2_np,Spiro_MeOTAD,15.536284470203263,1207
FA0.83_Cs0.17,Pb,I0.83_Br0.17,pin,TiO2_c___TiO2_mp,Spiro_MeOTAD,15.481091347498364,19
MA0.9_Cs0.1,Pb,I0.83_Br0.17,nip,SnO2_np,Spiro_MeOTAD,15.480006195990685,1207
FA0.85_MA0.15,Pb,I0.6_Br0.4,pin,TiO2_c___TiO2_mp,Spiro_MeOTAD,15.47876572208964,19
FA0.83_Cs0.17,Pb,I0.6_Br0.4,nip,SnO2_np,PTAA,15.478063236930144,56
FA0.83_Cs0.17,Pb,I0.83_Br0.17,nip,TiO2_c___TiO2_mp,Spiro_MeOTAD,15.439028042989872,7491
Cs0.2_FA0.8,Pb,I0.83_Br0.17,pin,TiO2_c___TiO2_mp,Spiro_MeOTAD,15.419488435019073,19
FA0.83_Cs0.17,Pb,I0.83_Br0.17,nip,PCBM_60,PTAA,15.40590263616581,15
Cs0.2_FA0.8,Pb,I0.6_Br0.4,nip,SnO2_np,PTAA,15.390775603909857,56
FA0.85_MA0.15,Pb0.5_Sn0.5,I,pin,SnO2_np,Spiro_MeOTAD,15.38818069229898,11
FA0.83_Cs0.17,Pb,I,nip,TiO2_c___TiO2_mp,Spiro_MeOTAD,15.376969346348584,7491
Cs0.2_FA0.8,Pb,I,nip,TiO2_c___TiO2_mp,Spiro_MeOTAD,15.373550176601588,7491
Cs0.2_FA0.8,Pb,I0.83_Br0.17,nip,PCBM_60,PTAA,15.366817582723955,15
Cs0.2_FA0.8,Pb,I,pin,TiO2_c___TiO2_mp,Spiro_MeOTAD,15.362436332636277,19
FA0.8_MA0.1_Cs0.1,Pb,I,nip,PCBM_60,Spiro_MeOTAD,15.36135284029394,73
Cs0.2_FA0.8,Pb,I0.83_Br0.17,nip,TiO2_c___TiO2_mp,Spiro_MeOTAD,15.36086657303347,7491
FA0.83_Cs0.17,Pb,I,pin,TiO2_c___TiO2_mp,Spiro_MeOTAD,15.349296944906165,19
FA0.8_MA0.1_Cs0.1,Pb,I0.83_Br0.17,nip,PCBM_60,Spiro_MeOTAD,15.345542296431924,73
FA0.83_Cs0.17,Pb,I0.83_Br0.17,nip,TiO2_c___TiO2_mp,PTAA,15.303031248467637,387
Cs0.2_FA0.8,Pb,I,pin,PCBM_60,PTAA,15.293880215325991,62
FA0.85_MA0.15,Pb0.5_Sn0.5,I0.83_Br0.17,pin,SnO2_np,Spiro_MeOTAD,15.28862744933676,11
Cs0.2_FA0.8,Pb,I,nip,TiO2_c___TiO2_mp,PTAA,15.27470229511074,387
FA0.83_Cs0.17,Pb,I,nip,TiO2_c___TiO2_mp,PTAA,15.266603144088569,387
Cs0.2_FA0.8,Pb,I,nip,PCBM_60,PTAA,15.243605289290272,15
FA0.83_Cs0.17,Pb,I,pin,PCBM_60,PTAA,15.24166441108133,62
Cs0.2_FA0.8,Pb,I0.83_Br0.17,nip,TiO2_c___TiO2_mp,PTAA,15.2363880992804,387
MA0.9_Cs0.1,Pb,I0.83_Br0.17,nip,SnO2_np,PTAA,15.211061215903609,56
FA0.83_Cs0.17,Pb,I,nip,PCBM_60,PTAA,15.20794804252272,15
FA0.8_MA0.1_Cs0.1,Pb0.5_Sn0.5,I0.6_Br0.4,pin,SnO2_np,Spiro_MeOTAD,15.20758755580447,11
FA0.85_MA0.15,Pb0.5_Sn0.5,I,nip,SnO2_np,Spiro_MeOTAD,15.203872354755593,1207
MA,Pb,I0.83_Br0.17,nip,SnO2_np,Spiro_MeOTAD,15.181282645969416,1207
FA0.85_MA0.15,Pb,I0.6_Br0.4,nip,TiO2_c___TiO2_mp,Spiro_MeOTAD,15.175356362582905,7491
MA,Pb,I0.83_Br0.17,nip,SnO2_np,PTAA,15.155233788702937,56
FA0.8_MA0.1_Cs0.1,Pb0.5_Sn0.5,I,nip,SnO2_np,PTAA,15.147496938491775,56
FA0.85_MA0.15,Pb0.5_Sn0.5,I,nip,SnO2_np,PTAA,15.132303936217651,56
FA0.8_MA0.1_Cs0.1,Pb0.5_Sn0.5,I0.6_Br0.4,nip,SnO2_np,Spiro_MeOTAD,15.101916256026415,1207
FA0.8_MA0.1_Cs0.1,Pb,I0.6_Br0.4,nip,TiO2_c___TiO2_mp,PTAA,15.09341550780009,387
FA0.85_MA0.15,Pb0.5_Sn0.5,I0.83_Br0.17,nip,SnO2_np,Spiro_MeOTAD,15.08491563981407,1207
FA0.85_MA0.15,Pb,I0.6_Br0.4,pin,PCBM_60,PTAA,15.083280892198289,62
FA0.8_MA0.1_Cs0.1,Pb0.5_Sn0.5,I0.83_Br0.17,nip,SnO2_np,PTAA,15.025521275886955,56
FA0.8_MA0.1_Cs0.1,Pb,I0.6_Br0.4,nip,PCBM_60,PTAA,15.019440768607442,15
FA0.83_Cs0.17,Pb,I0.6_Br0.4,pin,TiO2_c___TiO2_mp,Spiro_MeOTAD,15.008515882374692,19
FA0.8_MA0.1_Cs0.1,Pb,I0.6_Br0.4,pin,PCBM_60,PTAA,14.997574726849408,62
FA,Pb,I0.83_Br0.17,pin,SnO2_np,Spiro_MeOTAD,14.98578962085758,11
FA0.83_Cs0.17,Pb,I0.6_Br0.4,nip,TiO2_c___TiO2_mp,Spiro_MeOTAD,14.966452577866198,7491
FA0.85_MA0.15,Pb0.5_Sn0.5,I0.83_Br0.17,nip,SnO2_np,PTAA,14.96405178398036,56
Cs0.2_FA0.8,Pb,I0.6_Br0.4,pin,TiO2_c___TiO2_mp,Spiro_MeOTAD,14.946912969895395,19
FA,Pb,I0.83_Br0.17,nip,SnO2_np,Spiro_MeOTAD,14.915389889433593,1207
Cs0.2_FA0.8,Pb,I0.6_Br0.4,nip,TiO2_c___TiO2_mp,Spiro_MeOTAD,14.888291107909795,7491
FA0.85_MA0.15,Pb,I0.6_Br0.4,nip,PCBM_60,PTAA,14.869855798992152,15
FA0.85_MA0.15,Pb0.5_Sn0.5,I0.6_Br0.4,pin,SnO2_np,Spiro_MeOTAD,14.853438719178024,11
FA0.85_MA0.15,Pb,I0.6_Br0.4,nip,TiO2_c___TiO2_mp,PTAA,14.847957376500014,387
FA,Pb,I,nip,SnO2_np,Spiro_MeOTAD,14.837525977943676,1207
Cs0.2_FA0.8,Pb0.5_Sn0.5,I0.83_Br0.17,pin,SnO2_np,Spiro_MeOTAD,14.805118257591694,11
FA,Pb,I,pin,SnO2_np,Spiro_MeOTAD,14.793720796679033,11
FA0.85_MA0.15,Pb,I,nip,PCBM_60,Spiro_MeOTAD,14.783421336679693,73
FA0.8_MA0.1_Cs0.1,Pb,I0.6_Br0.4,nip,PCBM_60,Spiro_MeOTAD,14.780804602194811,73
MA,Pb,I,pin,PCBM_60,PTAA,14.764517165038184,62
FA0.83_Cs0.17,Pb0.5_Sn0.5,I0.83_Br0.17,pin,SnO2_np,Spiro_MeOTAD,14.761589044350794,11
Cs0.2_FA0.8,Pb0.5_Sn0.5,I0.83_Br0.17,nip,SnO2_np,Spiro_MeOTAD,14.74292576430235,1207
MA0.9_Cs0.1,Pb,I0.6_Br0.4,pin,SnO2_np,Spiro_MeOTAD,14.733727679986153,11
FA0.85_MA0.15,Pb,I0.83_Br0.17,nip,PCBM_60,Spiro_MeOTAD,14.721334303185206,73
FA0.83_Cs0.17,Pb0.5_Sn0.5,I0.83_Br0.17,nip,SnO2_np,Spiro_MeOTAD,14.71595510853856,1207
Cs0.2_FA0.8,Pb0.5_Sn0.5,I,nip,SnO2_np,Spiro_MeOTAD,14.65095256005348,1207
FA0.85_MA0.15,Pb0.5_Sn0.5,I0.6_Br0.4,nip,SnO2_np,Spiro_MeOTAD,14.649726909655335,1207
Cs0.2_FA0.8,Pb0.5_Sn0.5,I,pin,SnO2_np,Spiro_MeOTAD,14.643409347391913,11
FA0.83_Cs0.17,Pb,I0.6_Br0.4,pin,PCBM_60,PTAA,14.616119353700809,62
Cs0.2_FA0.8,Pb,I0.6_Br0.4,pin,PCBM_60,PTAA,14.593592857736065,62
FA0.83_Cs0.17,Pb,I0.83_Br0.17,nip,PCBM_60,Spiro_MeOTAD,14.592173681936757,73
MA0.9_Cs0.1,Pb,I,pin,PCBM_60,PTAA,14.58455471543185,62
FA0.8_MA0.1_Cs0.1,Pb0.5_Sn0.5,I,pin,TiO2_c___TiO2_mp,Spiro_MeOTAD,14.57709752446661,19
Cs0.2_FA0.8,Pb,I0.83_Br0.17,nip,PCBM_60,Spiro_MeOTAD,14.561369540712802,73
MA,Pb,I0.6_Br0.4,pin,SnO2_np,Spiro_MeOTAD,14.5592072274754,11
FA0.83_Cs0.17,Pb0.5_Sn0.5,I,nip,SnO2_np,Spiro_MeOTAD,14.549239604080284,1207
FA0.83_Cs0.17,Pb0.5_Sn0.5,I,pin,SnO2_np,Spiro_MeOTAD,14.525137833941608,11
MA,Pb,I,nip,PCBM_60,PTAA,14.496975434670668,15
MA0.9_Cs0.1,Pb,I,nip,PCBM_60,PTAA,14.49059734570892,15
MA0.9_Cs0.1,Pb,I0.6_Br0.4,nip,SnO2_np,Spiro_MeOTAD,14.487702807130008,1207
FA0.83_Cs0.17,Pb,I0.6_Br0.4,nip,PCBM_60,PTAA,14.417122021565111,15
FA0.83_Cs0.17,Pb,I0.6_Br0.4,nip,TiO2_c___TiO2_mp,PTAA,14.41640026529889,387
Cs0.2_FA0.8,Pb,I,nip,PCBM_60,Spiro_MeOTAD,14.412526655016896,73
FA0.8_MA0.1_Cs0.1,Pb0.5_Sn0.5,I,nip,TiO2_c___TiO2_mp,Spiro_MeOTAD,14.411630848871312,7491
Cs0.2_FA0.8,Pb0.5_Sn0.5,I0.6_Br0.4,pin,SnO2_np,Spiro_MeOTAD,14.407480971950784,11
FA0.85_MA0.15,Pb0.5_Sn0.5,I,pin,PCBM_60,PTAA,14.400238004347784,62
Cs0.2_FA0.8,Pb,I0.6_Br0.4,nip,PCBM_60,PTAA,14.378036968123258,15
FA0.8_MA0.1_Cs0.1,Pb0.5_Sn0.5,I0.83_Br0.17,pin,TiO2_c___TiO2_mp,Spiro_MeOTAD,14.37776585524317,19
FA0.83_Cs0.17,Pb,I,nip,PCBM_60,Spiro_MeOTAD,14.368588496031444,73
MA,Pb,I0.83_Br0.17,pin,PCBM_60,PTAA,14.366650693697064,62
FA0.83_Cs0.17,Pb0.5_Sn0.5,I0.6_Br0.4,pin,SnO2_np,Spiro_MeOTAD,14.363951758709884,11
MA0.9_Cs0.1,Pb,I,pin,TiO2_c___TiO2_mp,Spiro_MeOTAD,14.353465071737602,19
FA0.8_MA0.1_Cs0.1,Pb0.5_Sn0.5,I,pin,PCBM_60,PTAA,14.35033843724604,62
Cs0.2_FA0.8,Pb,I0.6_Br0.4,nip,TiO2_c___TiO2_mp,PTAA,14.349757116111656,387
Cs0.2_FA0.8,Pb0.5_Sn0.5,I0.6_Br0.4,nip,SnO2_np,Spiro_MeOTAD,14.34528847866144,1207
FA,Pb,I0.6_Br0.4,pin,SnO2_np,Spiro_MeOTAD,14.343048201546214,11
FA0.83_Cs0.17,Pb0.5_Sn0.5,I0.6_Br0.4,nip,SnO2_np,Spiro_MeOTAD,14.31831782289765,1207
MA0.9_Cs0.1,Pb,I,nip,TiO2_c___TiO2_mp,Spiro_MeOTAD,14.298993679097912,7491
FA0.85_MA0.15,Pb0.5_Sn0.5,I0.83_Br0.17,pin,PCBM_60,PTAA,14.287184609789565,62
FA,Pb,I0.6_Br0.4,nip,SnO2_np,Spiro_MeOTAD,14.272648470122224,1207
FA0.83_Cs0.17,Pb0.5_Sn0.5,I0.83_Br0.17,nip,SnO2_np,PTAA,14.26833102710328,56
FA0.8_MA0.1_Cs0.1,Pb0.5_Sn0.5,I0.83_Br0.17,nip,TiO2_c___TiO2_mp,Spiro_MeOTAD,14.263726090733329,7491
MA0.9_Cs0.1,Pb,I0.83_Br0.17,pin,TiO2_c___TiO2_mp,Spiro_MeOTAD,14.260724363180891,19
FA0.8_MA0.1_Cs0.1,Pb0.5_Sn0.5,I,nip,PCBM_60,PTAA,14.258331801147763,15
MA0.9_Cs0.1,Pb,I,nip,TiO2_c___TiO2_mp,PTAA,14.252228370557647,387
FA0.8_MA0.1_Cs0.1,Pb0.5_Sn0.5,I0.83_Br0.17,nip,PCBM_60,PTAA,14.222658094978032,15
FA0.85_MA0.15,Pb0.5_Sn0.5,I,pin,TiO2_c___TiO2_mp,Spiro_MeOTAD,14.21487952581584,19
FA0.8_MA0.1_Cs0.1,Pb0.5_Sn0.5,I0.83_Br0.17,pin,PCBM_60,PTAA,14.212731149255534,62
Cs0.2_FA0.8,Pb0.5_Sn0.5,I0.83_Br0.17,nip,SnO2_np,PTAA,14.203812616474362,56
FA0.8_MA0.1_Cs0.1,Pb0.5_Sn0.5,I0.6_Br0.4,nip,SnO2_np,PTAA,14.20010643404972,56
FA0.83_Cs0.17,Pb,I0.6_Br0.4,nip,PCBM_60,Spiro_MeOTAD,14.15620009663987,73
FA0.85_MA0.15,Pb,I0.6_Br0.4,nip,PCBM_60,Spiro_MeOTAD,14.155776092966205,73
FA,Pb,I0.83_Br0.17,nip,SnO2_np,PTAA,14.151722796364016,56
FA0.85_MA0.15,Pb0.5_Sn0.5,I,nip,PCBM_60,PTAA,14.143770616350093,15
FA0.85_MA0.15,Pb0.5_Sn0.5,I0.6_Br0.4,nip,SnO2_np,PTAA,14.14295816422963,56
Cs0.2_FA0.8,Pb0.5_Sn0.5,I,nip,SnO2_np,PTAA,14.137470004487714,56
MA,Pb,I,pin,TiO2_c___TiO2_mp,Spiro_MeOTAD,14.137231754142151,19
FA0.83_Cs0.17,Pb0.5_Sn0.5,I,nip,SnO2_np,PTAA,14.127246114907226,56
MA,Pb,I0.6_Br0.4,nip,SnO2_np,Spiro_MeOTAD,14.12693974507716,1207
Cs0.2_FA0.8,Pb,I0.6_Br0.4,nip,PCBM_60,Spiro_MeOTAD,14.125395955415916,73
MA,Pb,I0.83_Br0.17,pin,TiO2_c___TiO2_mp,Spiro_MeOTAD,14.117926122199762,19
MA0.9_Cs0.1,Pb,I0.83_Br0.17,pin,PCBM_60,PTAA,14.11325316747641,62
MA,Pb,I,nip,TiO2_c___TiO2_mp,PTAA,14.079904511150282,387
FA0.85_MA0.15,Pb0.5_Sn0.5,I0.83_Br0.17,nip,PCBM_60,PTAA,14.061820420547894,15
FA0.85_MA0.15,Pb0.5_Sn0.5,I0.83_Br0.17,pin,TiO2_c___TiO2_mp,Spiro_MeOTAD,14.04010175002469,19
FA0.8_MA0.1_Cs0.1,Pb0.5_Sn0.5,I,nip,TiO2_c___TiO2_mp,PTAA,14.033379055124362,387
MA0.9_Cs0.1,Pb,I0.83_Br0.17,nip,TiO2_c___TiO2_mp,Spiro_MeOTAD,14.006331025592957,7491
MA0.9_Cs0.1,Pb,I0.83_Br0.17,nip,PCBM_60,PTAA,13.986832647987685,15
MA0.9_Cs0.1,Pb0.5_Sn0.5,I,pin,SnO2_np,Spiro_MeOTAD,13.967720255109006,11
MA,Pb,I,nip,TiO2_c___TiO2_mp,Spiro_MeOTAD,13.94315844478962,7491
FA0.85_MA0.15,Pb0.5_Sn0.5,I,nip,TiO2_c___TiO2_mp,Spiro_MeOTAD,13.918934542252872,7491
MA,Pb,I0.83_Br0.17,nip,PCBM_60,PTAA,13.916736939446707,15
FA,Pb,I,nip,SnO2_np,PTAA,13.91668736162652,56
MA0.9_Cs0.1,Pb0.5_Sn0.5,I,nip,SnO2_np,Spiro_MeOTAD,13.909678231165572,1207
FA0.8_MA0.1_Cs0.1,Pb0.5_Sn0.5,I0.6_Br0.4,pin,TiO2_c___TiO2_mp,Spiro_MeOTAD,13.906496406972412,19
FA0.8_MA0.1_Cs0.1,Pb0.5_Sn0.5,I0.83_Br0.17,nip,TiO2_c___TiO2_mp,PTAA,13.836178859690609,387
FA0.85_MA0.15,Pb0.5_Sn0.5,I,nip,TiO2_c___TiO2_mp,PTAA,13.822944708641902,387
MA0.9_Cs0.1,Pb0.5_Sn0.5,I0.83_Br0.17,pin,SnO2_np,Spiro_MeOTAD,13.817610083890418,11
FA0.85_MA0.15,Pb,I,nip,SnO2_np,PEDOT_PSS,13.799916185324298,5
MA0.9_Cs0.1,Pb,I0.6_Br0.4,nip,SnO2_np,PTAA,13.79570771105716,56
FA0.8_MA0.1_Cs0.1,Pb0.5_Sn0.5,I0.6_Br0.4,nip,TiO2_c___TiO2_mp,Spiro_MeOTAD,13.792456642462568,7491
MA0.9_Cs0.1,Pb,I0.83_Br0.17,nip,TiO2_c___TiO2_mp,PTAA,13.74896345405126,387
FA0.85_MA0.15,Pb0.5_Sn0.5,I0.83_Br0.17,nip,TiO2_c___TiO2_mp,Spiro_MeOTAD,13.72475329448242,7491
MA0.9_Cs0.1,Pb0.5_Sn0.5,I,nip,SnO2_np,PTAA,13.72449078633989,56
FA0.85_MA0.15,Pb,I0.83_Br0.17,nip,SnO2_np,PEDOT_PSS,13.718032254427657,5
MA,Pb,I0.6_Br0.4,nip,SnO2_np,PTAA,13.6829825098933,56
MA,Pb0.5_Sn0.5,I,pin,SnO2_np,Spiro_MeOTAD,13.639921598269792,11
Cs0.2_FA0.8,Pb0.5_Sn0.5,I0.83_Br0.17,pin,PCBM_60,PTAA,13.61123203795836,62
FA0.83_Cs0.17,Pb0.5_Sn0.5,I0.83_Br0.17,pin,PCBM_60,PTAA,13.61098931153173,62
MA,Pb0.5_Sn0.5,I,nip,SnO2_np,PTAA,13.60325451689622,56
FA0.85_MA0.15,Pb0.5_Sn0.5,I0.83_Br0.17,nip,TiO2_c___TiO2_mp,PTAA,13.579468023575684,387
MA,Pb,I0.83_Br0.17,nip,TiO2_c___TiO2_mp,Spiro_MeOTAD,13.57402199378194,7491
FA0.85_MA0.15,Pb0.5_Sn0.5,I0.6_Br0.4,pin,TiO2_c___TiO2_mp,Spiro_MeOTAD,13.56801178577204,19
MA,Pb0.5_Sn0.5,I0.83_Br0.17,pin,SnO2_np,Spiro_MeOTAD,13.56324650366552,11
FA0.8_MA0.1_Cs0.1,Pb0.5_Sn0.5,I0.83_Br0.17,nip,PCBM_60,Spiro_MeOTAD,13.562191764836117,73
MA0.9_Cs0.1,Pb0.5_Sn0.5,I0.83_Br0.17,nip,SnO2_np,Spiro_MeOTAD,13.55964611499874,1207
FA0.8_MA0.1_Cs0.1,Pb0.5_Sn0.5,I,nip,PCBM_60,Spiro_MeOTAD,13.548570033710076,73
MA,Pb0.5_Sn0.5,I,nip,SnO2_np,Spiro_MeOTAD,13.545545838901306,1207
FA0.8_MA0.1_Cs0.1,Pb,I,nip,SnO2_np,PEDOT_PSS,13.511203334068652,5
MA,Pb,I0.83_Br0.17,nip,TiO2_c___TiO2_mp,PTAA,13.50016579714117,387
FA0.8_MA0.1_Cs0.1,Pb,I0.83_Br0.17,nip,SnO2_np,PEDOT_PSS,13.475595892804478,5
FA0.83_Cs0.17,Pb0.5_Sn0.5,I0.6_Br0.4,nip,SnO2_np,PTAA,13.475514975967496,56
Cs0.2_FA0.8,Pb0.5_Sn0.5,I0.6_Br0.4,nip,SnO2_np,PTAA,13.41099656533858,56
FA0.83_Cs0.17,Pb0.5_Sn0.5,I0.83_Br0.17,nip,PCBM_60,PTAA,13.400052883360498,15
Cs0.2_FA0.8,Pb0.5_Sn0.5,I0.83_Br0.17,pin,TiO2_c___TiO2_mp,Spiro_MeOTAD,13.395918738733403,19
FA0.85_MA0.15,Pb0.5_Sn0.5,I0.6_Br0.4,pin,PCBM_60,PTAA,13.3920949382097,62
Cs0.2_FA0.8,Pb0.5_Sn0.5,I0.83_Br0.17,nip,PCBM_60,PTAA,13.38373705231002,15
MA0.9_Cs0.1,Pb,I,nip,PCBM_60,Spiro_MeOTAD,13.377710538336334,73
FA0.83_Cs0.17,Pb0.5_Sn0.5,I0.83_Br0.17,pin,TiO2_c___TiO2_mp,Spiro_MeOTAD,13.351544274646516,19
MA0.9_Cs0.1,Pb,I0.6_Br0.4,pin,TiO2_c___TiO2_mp,Spiro_MeOTAD,13.346647801811336,19
Cs0.2_FA0.8,Pb0.5_Sn0.5,I0.83_Br0.17,nip,TiO2_c___TiO2_mp,Spiro_MeOTAD,13.325357780712269,7491
FA0.8_MA0.1_Cs0.1,Pb0.5_Sn0.5,I0.6_Br0.4,nip,PCBM_60,PTAA,13.323247201311665,15
FA0.8_MA0.1_Cs0.1,Pb0.5_Sn0.5,I0.6_Br0.4,pin,PCBM_60,PTAA,13.313320255589163,62
Cs0.2_FA0.8,Pb0.5_Sn0.5,I,pin,TiO2_c___TiO2_mp,Spiro_MeOTAD,13.309434361362552,19
Cs0.2_FA0.8,Pb0.5_Sn0.5,I,nip,TiO2_c___TiO2_mp,Spiro_MeOTAD,13.308609109292329,7491
FA0.83_Cs0.17,Pb0.5_Sn0.5,I0.83_Br0.17,nip,TiO2_c___TiO2_mp,Spiro_MeOTAD,13.297541874102487,7491
Cs0.2_FA0.8,Pb0.5_Sn0.5,I,pin,PCBM_60,PTAA,13.293306505959531,62
FA0.83_Cs0.17,Pb,I0.83_Br0.17,nip,SnO2_np,PEDOT_PSS,13.2562449219637,5
FA0.85_MA0.15,Pb0.5_Sn0.5,I0.6_Br0.4,nip,TiO2_c___TiO2_mp,Spiro_MeOTAD,13.252663330229767,7491
Cs0.2_FA0.8,Pb0.5_Sn0.5,I,nip,PCBM_60,PTAA,13.231092483888276,15
FA0.85_MA0.15,Pb,I0.6_Br0.4,nip,SnO2_np,PEDOT_PSS,13.230610423424226,5
FA,Pb,I0.83_Br0.17,pin,PCBM_60,PTAA,13.219583362856786,62
FA0.83_Cs0.17,Pb0.5_Sn0.5,I,pin,PCBM_60,PTAA,13.218321479323498,62
FA0.83_Cs0.17,Pb0.5_Sn0.5,I,nip,TiO2_c___TiO2_mp,Spiro_MeOTAD,13.206050902473145,7491
Cs0.2_FA0.8,Pb,I0.83_Br0.17,nip,SnO2_np,PEDOT_PSS,13.203855187448983,5
FA0.83_Cs0.17,Pb0.5_Sn0.5,I,pin,TiO2_c___TiO2_mp,Spiro_MeOTAD,13.19031759706626,19
FA0.83_Cs0.17,Pb0.5_Sn0.5,I,nip,PCBM_60,PTAA,13.172666014729352,15
FA,Pb0.5_Sn0.5,I0.83_Br0.17,pin,SnO2_np,Spiro_MeOTAD,13.168473034683592,11
FA0.85_MA0.15,Pb0.5_Sn0.5,I0.6_Br0.4,nip,PCBM_60,PTAA,13.166730748968028,15
MA0.9_Cs0.1,Pb0.5_Sn0.5,I0.83_Br0.17,nip,SnO2_np,PTAA,13.16385640717162,56
MA,Pb,I,nip,SnO2_np,PEDOT_PSS,13.146165750537676,5
MA,Pb,I0.6_Br0.4,pin,TiO2_c___TiO2_mp,Spiro_MeOTAD,13.141810048798623,19
FA,Pb,I0.83_Br0.17,pin,TiO2_c___TiO2_mp,Spiro_MeOTAD,13.136448510535134,19
FA0.8_MA0.1_Cs0.1,Pb0.5_Sn0.5,I0.6_Br0.4,nip,PCBM_60,Spiro_MeOTAD,13.12752419639214,73
MA,Pb0.5_Sn0.5,I0.83_Br0.17,nip,SnO2_np,Spiro_MeOTAD,13.119039925231748,1207
MA0.9_Cs0.1,Pb,I0.6_Br0.4,nip,TiO2_c___TiO2_mp,Spiro_MeOTAD,13.092254464223402,7491
FA,Pb0.5_Sn0.5,I0.83_Br0.17,nip,SnO2_np,Spiro_MeOTAD,13.086134207224063,1207
MA0.9_Cs0.1,Pb,I0.83_Br0.17,nip,PCBM_60,Spiro_MeOTAD,13.084548103616534,73
Cs0.2_FA0.8,Pb0.5_Sn0.5,I0.6_Br0.4,pin,TiO2_c___TiO2_mp,Spiro_MeOTAD,13.053413399402867,19
FA,Pb,I,pin,TiO2_c___TiO2_mp,Spiro_MeOTAD,13.050466041298286,19
MA,Pb,I,nip,PCBM_60,Spiro_MeOTAD,13.042832761426707,73
FA0.8_MA0.1_Cs0.1,Pb0.5_Sn0.5,I0.6_Br0.4,nip,TiO2_c___TiO2_mp,PTAA,13.038917597456193,387
FA0.8_MA0.1_Cs0.1,Pb,I0.6_Br0.4,nip,SnO2_np,PEDOT_PSS,13.016672041340774,5
Cs0.2_FA0.8,Pb,I,nip,SnO2_np,PEDOT_PSS,13.013801877807891,5
FA,Pb,I0.6_Br0.4,nip,SnO2_np,PTAA,13.01063383599108,56
FA0.83_Cs0.17,Pb0.5_Sn0.5,I0.6_Br0.4,pin,TiO2_c___TiO2_mp,Spiro_MeOTAD,13.00903893531598,19
FA0.83_Cs0.17,Pb,I,nip,SnO2_np,PEDOT_PSS,12.991449312113204,5
Cs0.2_FA0.8,Pb0.5_Sn0.5,I0.6_Br0.4,nip,TiO2_c___TiO2_mp,Spiro_MeOTAD,12.982852441381732,7491
FA,Pb,I,nip,TiO2_c___TiO2_mp,Spiro_MeOTAD,12.982634576543347,7491
FA,Pb0.5_Sn0.5,I,nip,SnO2_np,Spiro_MeOTAD,12.978838020746096,1207
MA,Pb0.5_Sn0.5,I0.83_Br0.17,nip,SnO2_np,PTAA,12.966146340225226,56
FA0.85_MA0.15,Pb0.5_Sn0.5,I,nip,PCBM_60,Spiro_MeOTAD,12.963707047367476,73
MA0.9_Cs0.1,Pb0.5_Sn0.5,I0.6_Br0.4,pin,SnO2_np,Spiro_MeOTAD,12.957728567179863,11
FA0.83_Cs0.17,Pb0.5_Sn0.5,I0.6_Br0.4,nip,TiO2_c___TiO2_mp,Spiro_MeOTAD,12.955036534771953,7491
FA,Pb,I0.83_Br0.17,nip,TiO2_c___TiO2_mp,Spiro_MeOTAD,12.954412133091555,7491
FA,Pb0.5_Sn0.5,I,pin,SnO2_np,Spiro_MeOTAD,12.946971935516986,11
FA0.83_Cs0.17,Pb0.5_Sn0.5,I0.83_Br0.17,nip,TiO2_c___TiO2_mp,PTAA,12.938877152614207,387
MA,Pb,I0.6_Br0.4,pin,PCBM_60,PTAA,12.93553142464333,62
FA0.85_MA0.15,Pb0.5_Sn0.5,I0.83_Br0.17,nip,PCBM_60,Spiro_MeOTAD,12.931052288861046,73
Cs0.2_FA0.8,Pb0.5_Sn0.5,I,nip,TiO2_c___TiO2_mp,PTAA,12.903885146660627,387
Cs0.2_FA0.8,Pb0.5_Sn0.5,I0.83_Br0.17,nip,TiO2_c___TiO2_mp,PTAA,12.895003225818344,387
FA0.83_Cs0.17,Pb0.5_Sn0.5,I,nip,TiO2_c___TiO2_mp,PTAA,12.873016773247086,387
MA0.9_Cs0.1,Pb,I,nip,SnO2_np,PEDOT_PSS,12.853514389342852,5
FA,Pb,I0.83_Br0.17,nip,PCBM_60,PTAA,12.846630513854263,15
Cs0.2_FA0.8,Pb0.5_Sn0.5,I0.6_Br0.4,pin,PCBM_60,PTAA,12.836453115397733,62
FA0.83_Cs0.17,Pb0.5_Sn0.5,I0.6_Br0.4,pin,PCBM_60,PTAA,12.836210388971104,62
FA0.83_Cs0.17,Pb,I0.6_Br0.4,nip,SnO2_np,PEDOT_PSS,12.834051999035934,5
MA,Pb0.5_Sn0.5,I,pin,PCBM_60,PTAA,12.805726088773582,62
Cs0.2_FA0.8,Pb0.5_Sn0.5,I0.83_Br0.17,nip,PCBM_60,Spiro_MeOTAD,12.788341892213714,73
FA0.85_MA0.15,Pb0.5_Sn0.5,I0.6_Br0.4,nip,TiO2_c___TiO2_mp,PTAA,12.78652798342777,387
Cs0.2_FA0.8,Pb,I0.6_Br0.4,nip,SnO2_np,PEDOT_PSS,12.781662264521216,5
MA,Pb,I0.83_Br0.17,nip,SnO2_np,PEDOT_PSS,12.781167474820906,5
MA0.9_Cs0.1,Pb0.5_Sn0.5,I,pin,PCBM_60,PTAA,12.76764627891297,62
MA0.9_Cs0.1,Pb,I0.6_Br0.4,pin,PCBM_60,PTAA,12.73903167238586,62
FA0.83_Cs0.17,Pb0.5_Sn0.5,I0.83_Br0.17,nip,PCBM_60,Spiro_MeOTAD,12.713168656871488,73
MA0.9_Cs0.1,Pb0.5_Sn0.5,I0.6_Br0.4,nip,SnO2_np,Spiro_MeOTAD,12.699764598288189,1207
FA0.85_MA0.15,Pb0.5_Sn0.5,I,nip,SnO2_np,PEDOT_PSS,12.694909797477136,5
FA,Pb,I,pin,PCBM_60,PTAA,12.68849580136939,62
MA,Pb,I0.83_Br0.17,nip,PCBM_60,Spiro_MeOTAD,12.673196529204183,73
MA0.9_Cs0.1,Pb0.5_Sn0.5,I,nip,PCBM_60,PTAA,12.661749813154504,15
FA,Pb0.5_Sn0.5,I0.6_Br0.4,pin,SnO2_np,Spiro_MeOTAD,12.655801741165362,11
FA0.85_MA0.15,Pb0.5_Sn0.5,I0.83_Br0.17,nip,SnO2_np,PEDOT_PSS,12.642458141568548,5
MA,Pb0.5_Sn0.5,I0.6_Br0.4,pin,SnO2_np,Spiro_MeOTAD,12.64132547492339,11
FA0.8_MA0.1_Cs0.1,Pb,I,nip,TiO2_c___TiO2_mp,PEDOT_PSS,12.628101255390389,5
FA0.83_Cs0.17,Pb0.5_Sn0.5,I0.6_Br0.4,nip,PCBM_60,PTAA,12.625273960799872,15
MA0.9_Cs0.1,Pb,I0.6_Br0.4,nip,PCBM_60,PTAA,12.612611152897134,15
Cs0.2_FA0.8,Pb0.5_Sn0.5,I,nip,PCBM_60,Spiro_MeOTAD,12.610066731529752,73
Cs0.2_FA0.8,Pb0.5_Sn0.5,I0.6_Br0.4,nip,PCBM_60,PTAA,12.608958129749391,15
MA,Pb,I0.6_Br0.4,nip,TiO2_c___TiO2_mp,Spiro_MeOTAD,12.597905920380803,7491
FA,Pb0.5_Sn0.5,I0.6_Br0.4,nip,SnO2_np,Spiro_MeOTAD,12.573462913705836,1207
FA0.85_MA0.15,Pb,I,nip,TiO2_c___TiO2_mp,PEDOT_PSS,12.567466281244252,5
MA0.9_Cs0.1,Pb,I0.83_Br0.17,nip,SnO2_np,PEDOT_PSS,12.564989911128809,5
FA,Pb,I0.6_Br0.4,pin,TiO2_c___TiO2_mp,Spiro_MeOTAD,12.54883903753414,19
MA,Pb0.5_Sn0.5,I,nip,PCBM_60,PTAA,12.526245262370532,15
FA,Pb,I,nip,PCBM_60,PTAA,12.525293122681678,15
FA0.8_MA0.1_Cs0.1,Pb,I0.83_Br0.17,nip,TiO2_c___TiO2_mp,PEDOT_PSS,12.51726928129728,5
FA0.85_MA0.15,Pb0.5_Sn0.5,I0.6_Br0.4,nip,PCBM_60,Spiro_MeOTAD,12.495564204435183,73
MA,Pb,I0.6_Br0.4,nip,PCBM_60,PTAA,12.485617670392973,15
Cs0.2_FA0.8,Pb0.5_Sn0.5,I0.6_Br0.4,nip,PCBM_60,Spiro_MeOTAD,12.482438432709966,73
MA0.9_Cs0.1,Pb,I0.6_Br0.4,nip,TiO2_c___TiO2_mp,PTAA,12.476891590392665,387
FA,Pb,I0.83_Br0.17,nip,TiO2_c___TiO2_mp,PTAA,12.47297458496195,387
FA0.83_Cs0.17,Pb0.5_Sn0.5,I,nip,PCBM_60,Spiro_MeOTAD,12.46015119597812,73
MA,Pb0.5_Sn0.5,I0.83_Br0.17,pin,PCBM_60,PTAA,12.437291892420518,62
MA0.9_Cs0.1,Pb0.5_Sn0.5,I,pin,TiO2_c___TiO2_mp,Spiro_MeOTAD,12.416171932160488,19
FA0.85_MA0.15,Pb,I0.83_Br0.17,nip,TiO2_c___TiO2_mp,PEDOT_PSS,12.410357817518676,5
FA0.8_MA0.1_Cs0.1,Pb0.5_Sn0.5,I,nip,SnO2_np,PEDOT_PSS,12.409936465989306,5
FA0.83_Cs0.17,Pb0.5_Sn0.5,I0.6_Br0.4,nip,PCBM_60,Spiro_MeOTAD,12.40726519736774,73
FA0.8_MA0.1_Cs0.1,Pb0.5_Sn0.5,I0.83_Br0.17,nip,SnO2_np,PEDOT_PSS,12.403761299713189,5
FA,Pb,I0.6_Br0.4,nip,TiO2_c___TiO2_mp,Spiro_MeOTAD,12.366802660090569,7491
MA0.9_Cs0.1,Pb0.5_Sn0.5,I0.83_Br0.17,pin,TiO2_c___TiO2_mp,Spiro_MeOTAD,12.352863498591834,19
MA0.9_Cs0.1,Pb0.5_Sn0.5,I,nip,TiO2_c___TiO2_mp,Spiro_MeOTAD,12.349761443485264,7491
FA,Pb,I,nip,TiO2_c___TiO2_mp,PTAA,12.344025505166156,387
MA0.9_Cs0.1,Pb0.5_Sn0.5,I0.83_Br0.17,pin,PCBM_60,PTAA,12.325777005945586,62
FA,Pb,I0.83_Br0.17,nip,PCBM_60,Spiro_MeOTAD,12.288636458179424,73
FA0.85_MA0.15,Pb0.5_Sn0.5,I0.6_Br0.4,nip,SnO2_np,PEDOT_PSS,12.285106436358252,5
FA0.83_Cs0.17,Pb0.5_Sn0.5,I0.6_Br0.4,nip,TiO2_c___TiO2_mp,PTAA,12.266247861485532,387
Cs0.2_FA0.8,Pb0.5_Sn0.5,I0.6_Br0.4,nip,TiO2_c___TiO2_mp,PTAA,12.222373934689667,387
MA0.9_Cs0.1,Pb,I0.6_Br0.4,nip,PCBM_60,Spiro_MeOTAD,12.207073422073766,73
MA,Pb0.5_Sn0.5,I0.6_Br0.4,nip,SnO2_np,Spiro_MeOTAD,12.197118896489618,1207
FA,Pb0.5_Sn0.5,I0.83_Br0.17,nip,SnO2_np,PTAA,12.195622386414446,56
MA0.9_Cs0.1,Pb0.5_Sn0.5,I0.83_Br0.17,nip,PCBM_60,PTAA,12.187417390421324,15
MA,Pb,I0.6_Br0.4,nip,TiO2_c___TiO2_mp,PTAA,12.171196159519386,387
FA0.83_Cs0.17,Pb,I0.83_Br0.17,nip,TiO2_c___TiO2_mp,PEDOT_PSS,12.15780685216378,5
Cs0.2_FA0.8,Pb,I0.83_Br0.17,nip,TiO2_c___TiO2_mp,PEDOT_PSS,12.126061601482116,5
FA,Pb,I,nip,PCBM_60,Spiro_MeOTAD,12.124470590254418,73
FA,Pb,I0.6_Br0.4,pin,PCBM_60,PTAA,12.096531531059007,62
MA0.9_Cs0.1,Pb0.5_Sn0.5,I0.83_Br0.17,nip,TiO2_c___TiO2_mp,Spiro_MeOTAD,12.086531064968366,7491
MA0.9_Cs0.1,Pb0.5_Sn0.5,I,nip,TiO2_c___TiO2_mp,PTAA,12.080328207978956,387
FA0.8_MA0.1_Cs0.1,Pb0.5_Sn0.5,I0.6_Br0.4,nip,SnO2_np,PEDOT_PSS,12.074907574042625,5
MA,Pb0.5_Sn0.5,I0.83_Br0.17,pin,TiO2_c___TiO2_mp,Spiro_MeOTAD,12.068182617864982,19
MA,Pb0.5_Sn0.5,I,pin,TiO2_c___TiO2_mp,Spiro_MeOTAD,12.058055974819318,19
FA0.85_MA0.15,Pb,I0.83_Br0.17,pin,PCBM_60,PEDOT_PSS,12.026689436936325,1990
FA0.8_MA0.1_Cs0.1,Pb,I0.6_Br0.4,nip,TiO2_c___TiO2_mp,PEDOT_PSS,12.021444195739663,5
Cs0.2_FA0.8,Pb,I,nip,TiO2_c___TiO2_mp,PEDOT_PSS,12.01123282466996,5
MA,Pb0.5_Sn0.5,I0.83_Br0.17,nip,PCBM_60,PTAA,11.975439042134628,15
FA0.85_MA0.15,Pb,I,pin,PCBM_60,PEDOT_PSS,11.971756035037874,1990
FA0.83_Cs0.17,Pb,I,nip,TiO2_c___TiO2_mp,PEDOT_PSS,11.968235775142215,5
MA0.9_Cs0.1,Pb0.5_Sn0.5,I0.6_Br0.4,nip,SnO2_np,PTAA,11.96485634072223,56
MA,Pb,I0.6_Br0.4,nip,SnO2_np,PEDOT_PSS,11.933658858577289,5
FA,Pb0.5_Sn0.5,I,nip,SnO2_np,PTAA,11.931154676688896,56
FA0.83_Cs0.17,Pb0.5_Sn0.5,I0.83_Br0.17,nip,SnO2_np,PEDOT_PSS,11.892825527755395,5
FA0.85_MA0.15,Pb,I0.6_Br0.4,nip,TiO2_c___TiO2_mp,PEDOT_PSS,11.88603475242133,5
Cs0.2_FA0.8,Pb0.5_Sn0.5,I0.83_Br0.17,nip,SnO2_np,PEDOT_PSS,11.863205015632053,5
MA,Pb0.5_Sn0.5,I,nip,TiO2_c___TiO2_mp,Spiro_MeOTAD,11.85204356943125,7491
MA,Pb0.5_Sn0.5,I,nip,SnO2_np,PEDOT_PSS,11.842853156627813,5
MA0.9_Cs0.1,Pb,I0.6_Br0.4,nip,SnO2_np,PEDOT_PSS,11.807198270474604,5
FA0.83_Cs0.17,Pb,I0.6_Br0.4,nip,TiO2_c___TiO2_mp,PEDOT_PSS,11.790745875546383,5
MA,Pb0.5_Sn0.5,I,nip,TiO2_c___TiO2_mp,PTAA,11.766121708825867,387
Cs0.2_FA0.8,Pb,I0.6_Br0.4,nip,TiO2_c___TiO2_mp,PEDOT_PSS,11.759000624864724,5
FA,Pb,I0.83_Br0.17,nip,SnO2_np,PEDOT_PSS,11.75610461196239,5
FA,Pb,I0.6_Br0.4,nip,PCBM_60,Spiro_MeOTAD,11.737628865005217,73
MA,Pb,I0.6_Br0.4,nip,PCBM_60,Spiro_MeOTAD,11.73368233562984,73
FA,Pb,I0.6_Br0.4,nip,PCBM_60,PTAA,11.723578682056484,15
MA,Pb0.5_Sn0.5,I0.6_Br0.4,nip,SnO2_np,PTAA,11.710248499812648,56
MA0.9_Cs0.1,Pb0.5_Sn0.5,I,nip,PCBM_60,Spiro_MeOTAD,11.675707733521962,73
Cs0.2_FA0.8,Pb0.5_Sn0.5,I,nip,SnO2_np,PEDOT_PSS,11.643719431002909,5
MA0.9_Cs0.1,Pb0.5_Sn0.5,I,nip,SnO2_np,PEDOT_PSS,11.617933187606532,5
MA0.9_Cs0.1,Pb0.5_Sn0.5,I0.83_Br0.17,nip,TiO2_c___TiO2_mp,PTAA,11.60649556646062,387
FA0.83_Cs0.17,Pb0.5_Sn0.5,I0.6_Br0.4,nip,SnO2_np,PEDOT_PSS,11.600702730620773,5
FA0.83_Cs0.17,Pb0.5_Sn0.5,I,nip,SnO2_np,PEDOT_PSS,11.598597642916848,5
FA0.8_MA0.1_Cs0.1,Pb,I0.83_Br0.17,pin,PCBM_60,PEDOT_PSS,11.598100084716403,1990
FA0.8_MA0.1_Cs0.1,Pb0.5_Sn0.5,I,nip,TiO2_c___TiO2_mp,PEDOT_PSS,11.593972118592395,5
MA0.9_Cs0.1,Pb0.5_Sn0.5,I0.6_Br0.4,pin,TiO2_c___TiO2_mp,Spiro_MeOTAD,11.571208809372402,19
Cs0.2_FA0.8,Pb0.5_Sn0.5,I0.6_Br0.4,nip,SnO2_np,PEDOT_PSS,11.571082218497429,5
FA0.8_MA0.1_Cs0.1,Pb,I,pin,PCBM_60,PEDOT_PSS,11.567720576250244,1990
FA0.8_MA0.1_Cs0.1,Pb,I0.83_Br0.17,nip,PCBM_60,PEDOT_PSS,11.55233758925053,40
FA,Pb,I,nip,SnO2_np,PEDOT_PSS,11.550728320092205,5
FA0.85_MA0.15,Pb,I0.83_Br0.17,nip,PCBM_60,PEDOT_PSS,11.541299287156711,40
FA0.85_MA0.15,Pb,I0.6_Br0.4,pin,PCBM_60,PEDOT_PSS,11.538968251665768,1990
FA0.85_MA0.15,Pb,I,nip,PCBM_60,PEDOT_PSS,11.536881261618266,40
FA0.85_MA0.15,Pb0.5_Sn0.5,I,nip,TiO2_c___TiO2_mp,PEDOT_PSS,11.529597624678438,5
FA0.8_MA0.1_Cs0.1,Pb0.5_Sn0.5,I0.83_Br0.17,nip,TiO2_c___TiO2_mp,PEDOT_PSS,11.512572419487345,5
MA,Pb0.5_Sn0.5,I0.83_Br0.17,nip,TiO2_c___TiO2_mp,Spiro_MeOTAD,11.512339393411628,7491
MA,Pb0.5_Sn0.5,I0.83_Br0.17,nip,SnO2_np,PEDOT_PSS,11.507287155899098,5
FA0.8_MA0.1_Cs0.1,Pb,I,nip,PCBM_60,PEDOT_PSS,11.501643074079617,40
FA,Pb0.5_Sn0.5,I0.83_Br0.17,pin,PCBM_60,PTAA,11.48612224914016,62
FA,Pb,I0.6_Br0.4,nip,TiO2_c___TiO2_mp,PTAA,11.452072384596118,387
MA0.9_Cs0.1,Pb0.5_Sn0.5,I0.83_Br0.17,nip,PCBM_60,Spiro_MeOTAD,11.41197757379022,73
FA0.85_MA0.15,Pb0.5_Sn0.5,I0.83_Br0.17,nip,TiO2_c___TiO2_mp,PEDOT_PSS,11.401921435940915,5
MA0.9_Cs0.1,Pb0.5_Sn0.5,I0.83_Br0.17,nip,SnO2_np,PEDOT_PSS,11.358840984380544,5
MA0.9_Cs0.1,Pb0.5_Sn0.5,I0.6_Br0.4,nip,TiO2_c___TiO2_mp,Spiro_MeOTAD,11.304876375748933,7491
Cs0.2_FA0.8,Pb,I0.83_Br0.17,pin,PCBM_60,PEDOT_PSS,11.291689516287514,1990
MA0.9_Cs0.1,Pb,I,nip,TiO2_c___TiO2_mp,PEDOT_PSS,11.282693012983977,5
FA0.83_Cs0.17,Pb,I0.83_Br0.17,pin,PCBM_60,PEDOT_PSS,11.279318113746683,1990
FA,Pb0.5_Sn0.5,I0.6_Br0.4,nip,SnO2_np,PTAA,11.26853511808158,56
FA0.83_Cs0.17,Pb,I0.83_Br0.17,nip,PCBM_60,PEDOT_PSS,11.2675716555759,40
FA,Pb0.5_Sn0.5,I0.83_Br0.17,pin,TiO2_c___TiO2_mp,Spiro_MeOTAD,11.26735098073643,19
Cs0.2_FA0.8,Pb,I0.83_Br0.17,nip,PCBM_60,PEDOT_PSS,11.26338450063962,40
MA,Pb,I,pin,PCBM_60,PEDOT_PSS,11.23854777553439,1990
MA,Pb,I,nip,TiO2_c___TiO2_mp,PEDOT_PSS,11.228267663275933,5
MA,Pb0.5_Sn0.5,I0.6_Br0.4,pin,TiO2_c___TiO2_mp,Spiro_MeOTAD,11.22448841661397,19
MA,Pb0.5_Sn0.5,I0.6_Br0.4,pin,PCBM_60,PTAA,11.222526061763835,62
MA,Pb0.5_Sn0.5,I0.83_Br0.17,nip,TiO2_c___TiO2_mp,PTAA,11.215815269804809,387
MA,Pb0.5_Sn0.5,I,nip,PCBM_60,Spiro_MeOTAD,11.198947316866615,73
FA,Pb,I0.6_Br0.4,nip,SnO2_np,PEDOT_PSS,11.191200217599466,5
MA0.9_Cs0.1,Pb0.5_Sn0.5,I0.6_Br0.4,pin,PCBM_60,PTAA,11.167908949252094,62
FA,Pb0.5_Sn0.5,I,pin,TiO2_c___TiO2_mp,Spiro_MeOTAD,11.151936236511531,19
FA0.8_MA0.1_Cs0.1,Pb0.5_Sn0.5,I0.6_Br0.4,nip,TiO2_c___TiO2_mp,PEDOT_PSS,11.146817459722868,5
FA0.8_MA0.1_Cs0.1,Pb,I0.6_Br0.4,pin,PCBM_60,PEDOT_PSS,11.138876878985576,1990
MA,Pb,I0.83_Br0.17,pin,PCBM_60,PEDOT_PSS,11.110579572950524,1990
FA,Pb0.5_Sn0.5,I0.83_Br0.17,nip,PCBM_60,PTAA,11.101230304102105,15
FA0.8_MA0.1_Cs0.1,Pb,I0.6_Br0.4,nip,PCBM_60,PEDOT_PSS,11.0931143835197,40
MA0.9_Cs0.1,Pb,I0.83_Br0.17,nip,TiO2_c___TiO2_mp,PEDOT_PSS,11.080970272419869,5
FA,Pb0.5_Sn0.5,I0.83_Br0.17,nip,TiO2_c___TiO2_mp,Spiro_MeOTAD,11.073375507257325,7491
FA,Pb0.5_Sn0.5,I,nip,TiO2_c___TiO2_mp,Spiro_MeOTAD,11.072165675721058,7491
FA0.85_MA0.15,Pb,I0.6_Br0.4,nip,PCBM_60,PEDOT_PSS,11.053578101886156,40
MA0.9_Cs0.1,Pb0.5_Sn0.5,I0.6_Br0.4,nip,PCBM_60,PTAA,11.029549333727836,15
FA0.85_MA0.15,Pb0.5_Sn0.5,I0.6_Br0.4,nip,TiO2_c___TiO2_mp,PEDOT_PSS,11.007668496636716,5
Cs0.2_FA0.8,Pb,I,nip,PCBM_60,PEDOT_PSS,10.98702923456344,40
Cs0.2_FA0.8,Pb,I,pin,PCBM_60,PEDOT_PSS,10.979246750260948,1990
Cs0.2_FA0.8,Pb,I0.6_Br0.4,pin,PCBM_60,PEDOT_PSS,10.96123041949691,1990
MA,Pb,I0.83_Br0.17,nip,TiO2_c___TiO2_mp,PEDOT_PSS,10.9500711252091,5
FA0.83_Cs0.17,Pb,I0.6_Br0.4,pin,PCBM_60,PEDOT_PSS,10.94885901695608,1990
FA0.85_MA0.15,Pb0.5_Sn0.5,I0.83_Br0.17,pin,PCBM_60,PEDOT_PSS,10.93737892528092,1990
FA0.83_Cs0.17,Pb,I0.6_Br0.4,nip,PCBM_60,PEDOT_PSS,10.937112558785296,40
Cs0.2_FA0.8,Pb,I0.6_Br0.4,nip,PCBM_60,PEDOT_PSS,10.932925403849016,40
FA,Pb0.5_Sn0.5,I,pin,PCBM_60,PTAA,10.925602412664707,62
FA0.83_Cs0.17,Pb,I,nip,PCBM_60,PEDOT_PSS,10.916474089290316,40
FA0.83_Cs0.17,Pb,I,pin,PCBM_60,PEDOT_PSS,10.892133047510711,1990
FA0.83_Cs0.17,Pb0.5_Sn0.5,I0.83_Br0.17,nip,TiO2_c___TiO2_mp,PEDOT_PSS,10.861525189236833,5
MA,Pb0.5_Sn0.5,I0.83_Br0.17,nip,PCBM_60,Spiro_MeOTAD,10.858743359632149,73
FA0.85_MA0.15,Pb0.5_Sn0.5,I,pin,PCBM_60,PEDOT_PSS,10.853013248394412,1990
Cs0.2_FA0.8,Pb0.5_Sn0.5,I0.83_Br0.17,nip,TiO2_c___TiO2_mp,PEDOT_PSS,10.85254916094654,5
FA,Pb0.5_Sn0.5,I0.6_Br0.4,pin,TiO2_c___TiO2_mp,Spiro_MeOTAD,10.809811633528575,19
MA,Pb0.5_Sn0.5,I0.6_Br0.4,nip,SnO2_np,PEDOT_PSS,10.7922004118056,5
MA,Pb0.5_Sn0.5,I0.6_Br0.4,nip,PCBM_60,PTAA,10.760673211477949,15
MA0.9_Cs0.1,Pb,I,pin,PCBM_60,PEDOT_PSS,10.754307576867614,1990
FA,Pb0.5_Sn0.5,I,nip,PCBM_60,PTAA,10.750460637941464,15
MA,Pb,I,nip,PCBM_60,PEDOT_PSS,10.739608261216851,40
MA0.9_Cs0.1,Pb0.5_Sn0.5,I0.6_Br0.4,nip,SnO2_np,PEDOT_PSS,10.733471215876463,5
Cs0.2_FA0.8,Pb0.5_Sn0.5,I,nip,TiO2_c___TiO2_mp,PEDOT_PSS,10.708288109146327,5
FA0.8_MA0.1_Cs0.1,Pb0.5_Sn0.5,I0.83_Br0.17,nip,PCBM_60,PEDOT_PSS,10.691203196356655,40
FA0.85_MA0.15,Pb0.5_Sn0.5,I0.83_Br0.17,nip,PCBM_60,PEDOT_PSS,10.676425374495018,40
FA,Pb0.5_Sn0.5,I0.83_Br0.17,nip,PCBM_60,Spiro_MeOTAD,10.670080976167306,73
MA,Pb0.5_Sn0.5,I0.6_Br0.4,nip,TiO2_c___TiO2_mp,Spiro_MeOTAD,10.668645192160614,7491
MA0.9_Cs0.1,Pb0.5_Sn0.5,I0.6_Br0.4,nip,PCBM_60,Spiro_MeOTAD,10.666924764397574,73
FA0.85_MA0.15,Pb0.5_Sn0.5,I,nip,PCBM_60,PEDOT_PSS,10.642575073968516,40
FA0.83_Cs0.17,Pb0.5_Sn0.5,I,nip,TiO2_c___TiO2_mp,PEDOT_PSS,10.642521837227212,5
MA0.9_Cs0.1,Pb,I,nip,PCBM_60,PEDOT_PSS,10.63328894254423,40
FA0.83_Cs0.17,Pb0.5_Sn0.5,I0.6_Br0.4,nip,TiO2_c___TiO2_mp,PEDOT_PSS,10.624534338412577,5
FA,Pb0.5_Sn0.5,I0.6_Br0.4,nip,TiO2_c___TiO2_mp,Spiro_MeOTAD,10.615836160049469,7491
Cs0.2_FA0.8,Pb0.5_Sn0.5,I0.6_Br0.4,nip,TiO2_c___TiO2_mp,PEDOT_PSS,10.615558310122289,5
FA0.8_MA0.1_Cs0.1,Pb0.5_Sn0.5,I,nip,PCBM_60,PEDOT_PSS,10.611076406197686,40
FA0.85_MA0.15,Pb0.5_Sn0.5,I0.6_Br0.4,pin,PCBM_60,PEDOT_PSS,10.579727865803502,1990
FA,Pb0.5_Sn0.5,I0.6_Br0.4,pin,PCBM_60,PTAA,10.577072109382453,62
MA0.9_Cs0.1,Pb,I0.83_Br0.17,pin,PCBM_60,PEDOT_PSS,10.552904297669432,1990
MA0.9_Cs0.1,Pb0.5_Sn0.5,I0.6_Br0.4,nip,TiO2_c___TiO2_mp,PTAA,10.55077714119908,387
FA,Pb0.5_Sn0.5,I0.83_Br0.17,nip,SnO2_np,PEDOT_PSS,10.541847505870766,5
FA0.8_MA0.1_Cs0.1,Pb0.5_Sn0.5,I0.83_Br0.17,pin,PCBM_60,PEDOT_PSS,10.512529092828824,1990
FA,Pb0.5_Sn0.5,I,nip,PCBM_60,Spiro_MeOTAD,10.476482833254249,73
MA,Pb,I0.83_Br0.17,nip,PCBM_60,PEDOT_PSS,10.460911941935173,40
FA0.8_MA0.1_Cs0.1,Pb0.5_Sn0.5,I,pin,PCBM_60,PEDOT_PSS,10.452717309374606,1990
MA0.9_Cs0.1,Pb,I0.83_Br0.17,nip,PCBM_60,PEDOT_PSS,10.431066420765276,40
MA0.9_Cs0.1,Pb,I0.6_Br0.4,nip,TiO2_c___TiO2_mp,PEDOT_PSS,10.401405459256786,5
MA,Pb,I0.6_Br0.4,pin,PCBM_60,PEDOT_PSS,10.377899664024811,1990
FA,Pb0.5_Sn0.5,I0.83_Br0.17,nip,TiO2_c___TiO2_mp,PTAA,10.369270032161667,387
FA0.8_MA0.1_Cs0.1,Pb0.5_Sn0.5,I0.6_Br0.4,nip,PCBM_60,PEDOT_PSS,10.362050116418969,40
FA0.85_MA0.15,Pb0.5_Sn0.5,I0.6_Br0.4,nip,PCBM_60,PEDOT_PSS,10.3187743150176,40
FA,Pb0.5_Sn0.5,I,nip,SnO2_np,PEDOT_PSS,10.307038939012523,5
FA,Pb0.5_Sn0.5,I0.6_Br0.4,nip,PCBM_60,Spiro_MeOTAD,10.249143508786238,73
FA,Pb0.5_Sn0.5,I,nip,TiO2_c___TiO2_mp,PTAA,10.21088867737782,387
FA,Pb0.5_Sn0.5,I0.6_Br0.4,nip,PCBM_60,PTAA,10.192180164344396,15
FA0.8_MA0.1_Cs0.1,Pb0.5_Sn0.5,I0.6_Br0.4,pin,PCBM_60,PEDOT_PSS,10.183376012891134,1990
MA,Pb,I0.6_Br0.4,nip,TiO2_c___TiO2_mp,PEDOT_PSS,10.180789336456598,5
MA0.9_Cs0.1,Pb0.5_Sn0.5,I,nip,TiO2_c___TiO2_mp,PEDOT_PSS,10.166590606521067,5
Cs0.2_FA0.8,Pb0.5_Sn0.5,I0.83_Br0.17,nip,PCBM_60,PEDOT_PSS,10.133434529020104,40
FA0.83_Cs0.17,Pb0.5_Sn0.5,I0.83_Br0.17,nip,PCBM_60,PEDOT_PSS,10.114852461565013,40
FA,Pb0.5_Sn0.5,I0.6_Br0.4,nip,SnO2_np,PEDOT_PSS,10.10701323730098,5
MA,Pb0.5_Sn0.5,I0.6_Br0.4,nip,TiO2_c___TiO2_mp,PTAA,10.103199070580082,387
MA,Pb0.5_Sn0.5,I0.6_Br0.4,nip,PCBM_60,Spiro_MeOTAD,10.051651038207924,73
MA,Pb0.5_Sn0.5,I,nip,TiO2_c___TiO2_mp,PEDOT_PSS,10.044433864639476,5
MA0.9_Cs0.1,Pb0.5_Sn0.5,I0.83_Br0.17,nip,TiO2_c___TiO2_mp,PEDOT_PSS,9.994300140945017,5
FA,Pb,I0.83_Br0.17,nip,TiO2_c___TiO2_mp,PEDOT_PSS,9.98699179601414,5
MA,Pb0.5_Sn0.5,I,pin,PCBM_60,PEDOT_PSS,9.958588133796448,1990
Cs0.2_FA0.8,Pb0.5_Sn0.5,I0.83_Br0.17,pin,PCBM_60,PEDOT_PSS,9.937302945674288,1990
Cs0.2_FA0.8,Pb0.5_Sn0.5,I0.6_Br0.4,nip,PCBM_60,PEDOT_PSS,9.93304555802264,40
FA0.83_Cs0.17,Pb0.5_Sn0.5,I0.6_Br0.4,nip,PCBM_60,PEDOT_PSS,9.914463490567549,40
MA0.9_Cs0.1,Pb,I0.6_Br0.4,pin,PCBM_60,PEDOT_PSS,9.909941364333138,1990
FA0.83_Cs0.17,Pb0.5_Sn0.5,I0.83_Br0.17,pin,PCBM_60,PEDOT_PSS,9.902162320742088,1990
FA,Pb,I,nip,TiO2_c___TiO2_mp,PEDOT_PSS,9.887701859085656,5
MA,Pb0.5_Sn0.5,I0.83_Br0.17,pin,PCBM_60,PEDOT_PSS,9.860052206200638,1990
Cs0.2_FA0.8,Pb0.5_Sn0.5,I,nip,PCBM_60,PEDOT_PSS,9.827646987955871,40
MA,Pb0.5_Sn0.5,I0.83_Br0.17,nip,TiO2_c___TiO2_mp,PEDOT_PSS,9.795669601560702,5
FA,Pb,I0.83_Br0.17,pin,PCBM_60,PEDOT_PSS,9.793187825613444,1990
MA0.9_Cs0.1,Pb,I0.6_Br0.4,nip,PCBM_60,PEDOT_PSS,9.788103487428982,40
Cs0.2_FA0.8,Pb0.5_Sn0.5,I0.6_Br0.4,pin,PCBM_60,PEDOT_PSS,9.736913974676824,1990
FA0.83_Cs0.17,Pb0.5_Sn0.5,I,nip,PCBM_60,PEDOT_PSS,9.734322620291374,40
MA,Pb,I0.6_Br0.4,nip,PCBM_60,PEDOT_PSS,9.728232033009462,40
FA0.83_Cs0.17,Pb0.5_Sn0.5,I0.6_Br0.4,pin,PCBM_60,PEDOT_PSS,9.701773349744624,1990
MA,Pb0.5_Sn0.5,I,nip,PCBM_60,PEDOT_PSS,9.68408521847262,40
MA0.9_Cs0.1,Pb0.5_Sn0.5,I,nip,PCBM_60,PEDOT_PSS,9.645497291973545,40
Cs0.2_FA0.8,Pb0.5_Sn0.5,I,pin,PCBM_60,PEDOT_PSS,9.595427904659669,1990
FA,Pb0.5_Sn0.5,I0.6_Br0.4,nip,TiO2_c___TiO2_mp,PTAA,9.562369523835912,387
MA0.9_Cs0.1,Pb0.5_Sn0.5,I,pin,PCBM_60,PEDOT_PSS,9.542079327303217,1990
FA0.83_Cs0.17,Pb0.5_Sn0.5,I,pin,PCBM_60,PEDOT_PSS,9.485544979518062,1990
FA,Pb,I0.6_Br0.4,nip,TiO2_c___TiO2_mp,PEDOT_PSS,9.477219347961588,5
MA0.9_Cs0.1,Pb0.5_Sn0.5,I0.83_Br0.17,nip,PCBM_60,PEDOT_PSS,9.472707045182643,40
MA0.9_Cs0.1,Pb0.5_Sn0.5,I0.6_Br0.4,nip,TiO2_c___TiO2_mp,PEDOT_PSS,9.447157199932056,5
MA,Pb0.5_Sn0.5,I0.83_Br0.17,nip,PCBM_60,PEDOT_PSS,9.434821174178996,40
FA,Pb,I,pin,PCBM_60,PEDOT_PSS,9.420952870620056,1990
FA,Pb,I0.83_Br0.17,nip,PCBM_60,PEDOT_PSS,9.403149331226272,40
MA0.9_Cs0.1,Pb0.5_Sn0.5,I0.83_Br0.17,pin,PCBM_60,PEDOT_PSS,9.370108323093088,1990
FA,Pb,I0.6_Br0.4,pin,PCBM_60,PEDOT_PSS,9.320017257387684,1990
MA,Pb0.5_Sn0.5,I0.6_Br0.4,pin,PCBM_60,PEDOT_PSS,9.259794169425044,1990
MA,Pb0.5_Sn0.5,I0.6_Br0.4,nip,TiO2_c___TiO2_mp,PEDOT_PSS,9.15880968495832,5
FA,Pb,I,nip,PCBM_60,PEDOT_PSS,9.111471082920993,40
MA0.9_Cs0.1,Pb0.5_Sn0.5,I0.6_Br0.4,nip,PCBM_60,PEDOT_PSS,8.962165983996469,40
FA,Pb,I0.6_Br0.4,nip,PCBM_60,PEDOT_PSS,8.929978763000507,40
MA0.9_Cs0.1,Pb0.5_Sn0.5,I0.6_Br0.4,pin,PCBM_60,PEDOT_PSS,8.859567261906914,1990
FA,Pb0.5_Sn0.5,I0.83_Br0.17,nip,TiO2_c___TiO2_mp,PEDOT_PSS,8.839872421203863,5
MA,Pb0.5_Sn0.5,I0.6_Br0.4,nip,PCBM_60,PEDOT_PSS,8.834563137403403,40
FA,Pb0.5_Sn0.5,I,nip,TiO2_c___TiO2_mp,PEDOT_PSS,8.711150209287325,5
FA,Pb0.5_Sn0.5,I0.83_Br0.17,pin,PCBM_60,PEDOT_PSS,8.565194320725523,1990
FA,Pb0.5_Sn0.5,I0.6_Br0.4,nip,TiO2_c___TiO2_mp,PEDOT_PSS,8.460170098944452,5
FA,Pb0.5_Sn0.5,I0.83_Br0.17,nip,PCBM_60,PEDOT_PSS,8.399592425332058,40
FA,Pb0.5_Sn0.5,I0.6_Br0.4,pin,PCBM_60,PEDOT_PSS,8.222093878292899,1990
FA,Pb0.5_Sn0.5,I,pin,PCBM_60,PEDOT_PSS,8.163527090744083,1990
FA,Pb0.5_Sn0.5,I,nip,PCBM_60,PEDOT_PSS,8.078481902038725,40
FA,Pb0.5_Sn0.5,I0.6_Br0.4,nip,PCBM_60,PEDOT_PSS,8.056491982899438,40
